<?xml version="1.0" encoding="UTF-8"?>
<project-private xmlns="http://www.netbeans.org/ns/project-private/1">
    <editor-bookmarks xmlns="http://www.netbeans.org/ns/editor-bookmarks/2" lastBookmarkId="0"/>
    <open-files xmlns="http://www.netbeans.org/ns/projectui-open-files/2">
        <group>
            <file>file:/C:/Users/abuba/OneDrive/Documents/NetBeansProjects/AddItemUseCase/src/DAL/DALController.java</file>
            <file>file:/C:/Users/abuba/OneDrive/Documents/NetBeansProjects/AddItemUseCase/src/DML/SearchValidator.java</file>
            <file>file:/C:/Users/abuba/OneDrive/Documents/NetBeansProjects/AddItemUseCase/src/GUI/SearchItem.java</file>
            <file>file:/C:/Users/abuba/OneDrive/Documents/NetBeansProjects/AddItemUseCase/src/GUI/ManageItem.java</file>
            <file>file:/C:/Users/abuba/OneDrive/Documents/NetBeansProjects/AddItemUseCase/src/DAL/DataBaseConnector.java</file>
            <file>file:/C:/Users/abuba/OneDrive/Documents/NetBeansProjects/AddItemUseCase/src/GUI/AddItemGUI.java</file>
            <file>file:/C:/Users/abuba/OneDrive/Documents/NetBeansProjects/AddItemUseCase/src/GUI/DashBoardGUI.java</file>
        </group>
    </open-files>
</project-private>
